9/1/2011,-0.014770198,-0.01005401
9/2/2011,-0.015766525,-0.018355943
9/6/2011,-0.01130396,0.015043463
9/7/2011,0.019026006,0.010999194
9/8/2011,0.00842594,0.000546797
9/9/2011,-0.018476276,-0.017462074
9/12/2011,0.005810592,0.006468926
9/13/2011,0.005777024,0.012267846
9/14/2011,0.017510916,0.01193936
9/15/2011,0.018321694,0.00948553
9/16/2011,0.004805036,0.018880137
9/19/2011,0.00331309,0.027413147
9/20/2011,-0.008488702,0.004412021
9/21/2011,-0.037384002,-0.003052402
9/22/2011,-0.036438899,-0.025457171
9/23/2011,0,0.006252191
9/26/2011,0.015049789,-0.002773927
9/27/2011,0.009000256,-0.009769792
9/28/2011,-0.003512199,-0.005625894
9/29/2011,-0.005095053,-0.016353013
9/30/2011,-0.022249627,-0.024123778
10/3/2011,-0.014569258,-0.017781539
10/4/2011,0.032487317,-0.005622204
10/5/2011,0.021472619,0.015478164
10/6/2011,0.017231903,-0.002408524
10/7/2011,-0.003422707,-0.020236778
10/10/2011,0.025946182,0.050024271
10/11/2011,0.002224695,0.029100705
10/12/2011,-0.00148258,0.004884867
10/13/2011,0.008127123,0.015370305
10/14/2011,0.003305788,0.032706894
10/17/2011,-0.010691346,-0.00482169
10/18/2011,0.012157085,0.005319161
10/19/2011,-0.006612809,-0.057490034
10/20/2011,-0.003322875,-0.008464166
10/21/2011,0.004428052,-0.006217268
10/24/2011,0.001103956,0.03243338
10/25/2011,-0.014074306,-0.020037259
10/26/2011,-0.008239747,0.00718986
10/27/2011,0.024518316,0.010083535
10/28/2011,-0.00995767,0.000691683
10/31/2011,-0.013057451,-0.000345781
11/1/2011,-0.024326551,-0.020792223
11/2/2011,0.000769231,0.002292568
11/3/2011,0.019795089,0.014167268
11/4/2011,-0.010610179,-0.006971098
11/7/2011,0.020735898,-0.00140007
11/8/2011,0.013343415,0.016156002
11/9/2011,-0.035985892,-0.027250595
11/10/2011,0.003048783,-0.025831033
11/11/2011,0.023689771,-0.00145481
11/14/2011,-0.005589729,-0.014111844
11/15/2011,-0.000747664,0.024971679
11/16/2011,-0.025375344,-0.010495934
11/17/2011,-0.020539377,-0.019286115
11/18/2011,-0.009441455,-0.006698946
11/21/2011,-0.011928571,-0.015807631
11/22/2011,-0.008435479,0.020092686
11/23/2011,-0.012992469,-0.02560863
11/25/2011,-0.006971527,-0.00938974
11/28/2011,0.023185907,0.033882299
11/29/2011,-0.001207001,-0.007847574
11/30/2011,0.029355539,0.023909952
12/1/2011,-0.011797227,0.014906657
12/2/2011,-0.002376239,0.004500863
12/5/2011,0.018853661,0.008407169
12/6/2011,-0.001557633,-0.005179045
12/7/2011,-0.002341008,-0.004846101
12/8/2011,-0.007843177,0.00412964
12/9/2011,0.011741818,0.007497358
12/12/2011,-0.00742046,-0.004455938
12/13/2011,0.009752369,-0.007891002
12/14/2011,-0.006621251,-0.02239511
12/15/2011,-0.001173021,-0.003319811
12/16/2011,0.017067909,0.005526912
12/19/2011,-0.018242307,0.00311841
12/20/2011,0.019011242,0.035268139
12/21/2011,-0.010042572,0.001413428
12/22/2011,0.001939112,0.005282632
12/23/2011,0.008487705,0.011871648
12/27/2011,0.000384098,0.007951641
12/28/2011,-0.008484432,-0.009688657
12/29/2011,0.007716088,0.006066402
12/30/2011,-0.002308581,-0.000172816
1/3/2012,0.030351343,0.015264853
1/4/2012,0.023634778,0.005262723
1/5/2012,0.010167117,0.011113096
1/6/2012,0.015059446,0.010328261
1/9/2012,-0.012894161,-0.001492661
1/10/2012,0.003598421,0.003479417
1/11/2012,-0.004319661,-0.001655355
1/12/2012,0.010050336,-0.002654282
1/13/2012,0.008888947,-0.003827915
1/17/2012,0.00035392,0.011604905
1/18/2012,-0.001062135,0.010330501
1/19/2012,-0.003904175,-0.003104324
1/20/2012,0.055002623,-0.017664512
1/23/2012,0.000672948,0.016845981
1/24/2012,-0.013204864,-0.016512925
1/25/2012,0.007470323,0.060565855
1/26/2012,-0.002031833,-0.004555101
1/27/2012,-0.009194684,0.005964544
1/30/2012,0.012916563,0.012750911
1/31/2012,-0.002705446,0.007542559
2/1/2012,0.012117281,-0.000613591
2/2/2012,0.002005348,-0.002304325
2/3/2012,0.009636227,0.009947285
2/6/2012,-0.001323627,0.009245992
2/7/2012,0.004954593,0.010505875
2/8/2012,0.010162356,0.016583146
2/9/2012,0.003581316,0.033926025
2/10/2012,-0.008813506,0.000567617
2/13/2012,0.002619517,0.01841362
2/14/2012,-0.010850016,0.013556716
2/15/2012,-0.006633523,-0.023353855
2/16/2012,0.040116255,0.008961135
2/17/2012,-0.000959539,-0.000139402
2/21/2012,0.006061591,0.025056377
2/22/2012,-0.005421796,-0.003541273
2/23/2012,0.003192851,0.006527971
2/24/2012,0.003500401,0.011590426
2/27/2012,-0.004138156,0.006411135
2/28/2012,0.016450861,0.018206308
2/29/2012,-0.004087413,0.012988882
3/1/2012,0.01717987,0.003735433
3/2/2012,-0.006524802,0.001284852
3/5/2012,-0.008766493,-0.022201496
3/6/2012,-0.007575794,-0.00552924
3/7/2012,0.008832865,0.000791766
3/8/2012,0.005324993,0.021144092
3/9/2012,-0.000625,0.005794878
3/12/2012,0.001561768,0.012504948
3/13/2012,0.019472103,0.028748387
3/14/2012,0.003056237,0.037128637
3/15/2012,0.002438282,-0.006909725
3/16/2012,-0.007639457,0
3/19/2012,-0.012345836,0.026193097
3/20/2012,-0.006543099,0.008118811
3/21/2012,-0.002503914,-0.005792417
3/22/2012,0.002816463,-0.005242018
3/23/2012,0.000312451,-0.005504494
3/26/2012,0.017957139,0.01815481
3/27/2012,-0.002150208,0.012264467
3/28/2012,-0.010199439,0.005113357
3/29/2012,-0.002176956,-0.012660563
3/30/2012,0.004349184,-0.017017254
4/2/2012,0.000929512,0.031376475
4/3/2012,-0.010898442,0.017052242
4/4/2012,-0.023120587,-0.007929016
4/5/2012,0.009883709,0.014912362
4/9/2012,-0.013414446,0.003968697
4/10/2012,-0.020465226,-0.012287751
4/11/2012,-0.004275619,-0.003570635
4/12/2012,0.020874861,-0.005492364
4/13/2012,-0.005502522,-0.028617355
4/16/2012,0.008725213,-0.042288101
4/17/2012,0.011516442,0.049663105
4/18/2012,-0.009587801,-0.002183783
4/19/2012,-0.004183433,-0.035009136
4/20/2012,0.044465783,-0.02497566
4/23/2012,-0.009296627,-0.002201566
4/24/2012,-0.006246116,-0.020160228
4/25/2012,0.00873368,0.084989511
4/26/2012,-0.002798944,-0.003794198
4/27/2012,-0.004056801,-0.007747943
4/30/2012,0.00125,-0.031965923
5/1/2012,-0.000312354,-0.003241494
5/2/2012,-0.006582064,0.006591982
5/3/2012,-0.001258653,-0.007073098
5/4/2012,-0.024865801,-0.028927385
5/7/2012,-0.010709173,0.007402872
5/8/2012,-0.004905979,-0.002215113
5/9/2012,0.008488461,0.001723289
5/10/2012,-0.000650407,0.00233401
5/11/2012,0.013570483,-0.006647815
5/14/2012,-0.015524245,-0.015058464
5/15/2012,-0.015437981,-0.009195757
5/16/2012,-0.010314515,-0.012863961
5/17/2012,-0.006038261,-0.02966264
5/18/2012,-0.015257119,0.000528053
5/21/2012,0.016266031,0.056571671
5/22/2012,0.000336078,-0.00763697
5/23/2012,-0.022083452,0.024088575
5/24/2012,-0.001375043,-0.009243919
5/25/2012,-0.000344056,-0.005338643
5/29/2012,0.017059438,0.01752266
5/30/2012,-0.007470323,0.012037351
5/31/2012,-0.005125588,-0.002541297
6/1/2012,-0.025678024,-0.029386758
6/4/2012,0.003508776,0.005847606
6/5/2012,-0.001752849,-0.002608535
6/6/2012,0.029388459,0.015305162
6/7/2012,-0.004096967,0.000367399
6/8/2012,0.014266546,0.014948325
6/11/2012,-0.02562053,-0.0158058
6/12/2012,0.013404566,0.008663345
6/13/2012,-0.00547759,-0.006949129
6/14/2012,0.007183202,-0.001101659
6/15/2012,0.022912053,0.004521301
6/18/2012,-0.006014051,0.02003688
6/19/2012,0.028412879,0.002863964
6/20/2012,0.007463932,-0.002863964
6/21/2012,-0.025873393,-0.013959312
6/22/2012,0.018409461,0.007725775
6/25/2012,-0.027742862,-0.019672766
6/26/2012,0.005344034,0.002205073
6/27/2012,0.004984227,0.004273772
6/28/2012,-0.008655181,-0.009549534
6/29/2012,0.022480286,0.025984949
7/2/2012,-0.000981194,0.014517152
7/3/2012,0.00652318,0.01151058
7/5/2012,-0.00195249,0.017365567
7/6/2012,-0.017083201,-0.006678975
7/9/2012,-0.005982072,0.013199618
7/10/2012,-0.008704441,-0.009278949
7/11/2012,-0.014905425,-0.006234146
7/12/2012,-0.023132397,-0.00919092
7/13/2012,0.026199361,0.010001246
7/16/2012,0.001699813,0.003234753
7/17/2012,0.007445043,0.000115334
7/18/2012,0.026286657,-0.001153935
7/19/2012,0.006872879,0.013190534
7/20/2012,-0.017769471,-0.016428654
7/23/2012,-0.028284714,-0.000811171
7/24/2012,-0.004449776,-0.004764404
7/25/2012,-0.011038401,-0.044176479
7/26/2012,0.011381395,-0.000121751
7/27/2012,0.020367303,0.017620538
7/30/2012,-0.00404041,0.016727361
7/31/2012,-0.005752004,0.026126305
8/1/2012,-0.002038044,-0.006439024
8/2/2012,-0.007508568,0.001613647
8/3/2012,0.019002947,0.012929982
8/6/2012,0.006700193,0.011079819
8/7/2012,0.010297384,-0.002702096
8/8/2012,0.002310613,-0.001692525
8/9/2012,0.005589362,0.001467021
8/10/2012,-0.002626397,0.001464872
8/13/2012,-0.00098668,0.013310414
8/14/2012,-0.008592254,0.002663117
8/15/2012,0.002320571,-0.001330672
8/16/2012,0.019023204,0.008727891
8/17/2012,0.003891055,0.018311138
8/20/2012,-0.005191446,0.025906251
8/21/2012,0.001949952,-0.013775782
8/22/2012,-0.00847739,0.019338057
8/23/2012,-0.009210591,-0.009358146
8/24/2012,0.009865256,0.000950319
8/27/2012,0.004244904,0.018611997
8/28/2012,-0.001956948,-0.001347639
8/29/2012,0.000652742,-0.001972899
8/30/2012,-0.010825102,-0.014342041
8/31/2012,0.016356269,0.00200137
9/4/2012,-0.014379333,0.014521018
9/5/2012,0.00032911,-0.006973021
9/6/2012,0.03078163,0.008941627
9/7/2012,-0.012522238,0.006191331
9/10/2012,-0.007459091,-0.026370802
9/11/2012,0.002276054,-0.003279559
9/12/2012,-0.000324834,0.013786064
9/13/2012,0.005184717,0.019560779
9/14/2012,0.008688711,0.012021335
9/17/2012,0,0.012278737
9/18/2012,-0.000961693,0.002996407
9/19/2012,-0.004178055,0.000299147
9/20/2012,0.012800175,-0.004897316
9/21/2012,-0.008301453,0.002001802
9/24/2012,-0.013232402,-0.013387889
9/25/2012,-0.012751521,-0.025245055
9/26/2012,-0.007597064,-0.012444605
9/27/2012,0,0.023914635
9/28/2012,-0.013351333,-0.021077456
10/1/2012,-0.009113987,-0.011609629
10/2/2012,0.005748114,0.002862142
10/3/2012,0.006720455,0.015232187
10/4/2012,0.00567709,-0.006904515
10/5/2012,-0.006012042,-0.021540437
10/8/2012,-0.002347813,-0.022343663
10/9/2012,-0.016932338,-0.003626178
10/10/2012,-0.010298752,0.007894778
10/11/2012,-0.001035733,-0.020523726
10/12/2012,0.008598505,0.002894358
10/15/2012,0.01056048,0.007971699
10/16/2012,-0.000677966,0.023433038
10/17/2012,0.003385244,-0.008003504
10/18/2012,-0.003046203,-0.018743356
10/19/2012,-0.029585921,-0.036736525
10/22/2012,-0.022599832,0.03894696
10/23/2012,0.001784122,-0.033224156
10/24/2012,-0.005361943,0.00569024
10/25/2012,-0.000717103,-0.011872286
10/26/2012,0.011766939,-0.00911352
10/31/2012,0.011630087,-0.014474398
11/1/2012,0.033761388,0.001996829
11/2/2012,-0.000677736,-0.033650711
11/5/2012,0.004397098,0.013500687
11/6/2012,0.007732431,-0.003117882
11/7/2012,-0.026469139,-0.043573193
11/8/2012,-0.009328104,-0.036930026
11/9/2012,0.000693963,0.017165034
11/12/2012,-0.021385565,-0.007707167
11/13/2012,-0.04086629,0.000128941
11/14/2012,-0.009271344,-0.011150122
11/15/2012,-0.006728997,-0.021214314
11/16/2012,-0.005265149,0.003854594
11/19/2012,0.007887365,0.069682472
11/20/2012,-0.000748503,-0.008574144
11/21/2012,0.00894527,0.001371828
11/23/2012,0.027449116,0.017297194
11/26/2012,-0.011619593,0.031113085
11/27/2012,-0.011017372,-0.008106864
11/28/2012,0.010286645,-0.003117135
11/29/2012,-0.015098795,0.010867725
11/30/2012,-0.012320484,-0.006913019
12/3/2012,-0.007163084,0.00155363
12/4/2012,-0.002272728,-0.017831798
12/5/2012,0.011312338,-0.066469227
12/6/2012,0.00187301,0.015598125
12/7/2012,-0.00977819,-0.025914899
12/10/2012,0.017978012,-0.00645291
12/11/2012,0.014006864,0.021565235
12/12/2012,-0.002932553,-0.004405864
12/13/2012,-0.004783818,-0.017423641
12/14/2012,-0.011127711,-0.038253822
12/17/2012,0.010758776,0.017557443
12/18/2012,0.016831718,0.028594275
12/19/2012,-0.009112511,-0.014261433
12/20/2012,0.013457195,-0.008816514
12/21/2012,-0.008343963,-0.004572359
12/24/2012,-0.014309545,0.001616162
12/26/2012,-0.007418432,-0.013821358
12/27/2012,0.003716095,0.003949076
12/28/2012,-0.015324538,-0.010657294
12/31/2012,0.006008279,0.043280508
1/2/2013,0.033502121,0.031210044
1/3/2013,-0.013486627,-0.012703064
1/4/2013,-0.018892949,-0.028156119
1/7/2013,-0.001871608,-0.006529439
1/8/2013,-0.005259216,0.00320342
1/9/2013,0.005633818,-0.015714513
1/10/2013,-0.009029407,0.012377395
1/11/2013,0.013886506,-0.006169547
1/14/2013,0.002233806,-0.03630287
1/15/2013,0.011830083,-0.032036758
1/16/2013,-0.006267302,0.040649119
1/17/2013,0.00773627,-0.006800387
1/18/2013,0,-0.005305793
1/22/2013,-0.003676475,0.009474782
1/23/2013,0.01680098,0.018139841
1/24/2013,0.000724113,-0.131840249
1/25/2013,0.009007447,-0.023900509
1/28/2013,0.001075462,0.02234554
1/29/2013,0.003576542,0.018654669
1/30/2013,-0.005728623,-0.003212731
1/31/2013,-0.014466798,-0.002915678
2/1/2013,0.017335212,-0.00415801
2/4/2013,-0.017699577,-0.025159543
2/5/2013,0.002184202,0.034529091
2/6/2013,-0.005835173,-0.001070746
2/7/2013,-0.002196998,0.023445073
2/8/2013,0.009848703,0.014249907
2/11/2013,0.011189433,0.010409888
2/12/2013,0.000717618,-0.025407571
2/13/2013,0.005365779,-0.001796946
2/14/2013,0.000356697,-0.000899685
2/15/2013,-0.001070473,-0.013897505
2/19/2013,0.001070473,-0.000456447
2/20/2013,-0.006081221,-0.024494793
2/21/2013,-0.013728539,-0.006257843
2/22/2013,0.009773833,0.010615148
2/25/2013,-0.014148613,-0.017860415
2/26/2013,0,0.013814976
2/27/2013,0.015948145,-0.00987082
2/28/2013,-0.000359648,-0.00711072
3/1/2013,0.005381179,-0.025049479
3/4/2013,0.007130155,-0.02452596
3/5/2013,0.007079676,0.025988305
3/6/2013,-0.009213389,-0.012745271
3/7/2013,0.001778411,0.011445514
3/8/2013,-0.004987542,0.002597826
3/11/2013,-0.004653669,0.014168648
3/12/2013,0.001434206,-0.021819047
3/13/2013,0.00035823,-0.000163412
3/14/2013,0.007848774,0.009757762
3/15/2013,-0.00355999,0.025406815
3/18/2013,0.002137514,0.026776195
3/19/2013,0.00284293,-0.002614783
3/20/2013,0.004955762,-0.005405001
3/21/2013,-0.007442884,0.001547269
3/22/2013,0.004968073,0.020051181
3/25/2013,-0.003190926,0.003630317
3/26/2013,0,-0.005298627
3/27/2013,0.007429718,-0.01993014
3/28/2013,0.008074469,-0.020967753
4/1/2013,0.000349589,-0.031646686
4/2/2013,0.00661908,0.002119508
4/3/2013,-0.00836825,0.005036157
4/4/2013,0.00139958,-0.009934126
4/5/2013,0.003490405,-0.010529877
4/8/2013,-0.003840116,0.007086968
4/9/2013,0.035055136,0.001804907
4/10/2013,0.022375286,0.020124016
4/11/2013,-0.045262707,-0.003057368
4/12/2013,-0.005196617,-0.010530676
4/15/2013,-0.003479475,-0.023398662
4/16/2013,0.009712182,0.015057784
4/17/2013,-0.005191221,-0.056588599
4/18/2013,-0.001041486,-0.026950112
4/19/2013,0.033137105,-0.003935604
4/22/2013,0.035323032,0.020579048
4/23/2013,-0.007488233,0.018614089
4/24/2013,0.037207627,-0.001725031
4/25/2013,0.005651506,0.007225216
4/26/2013,-0.004707368,0.02136761
4/29/2013,0.025467215,0.030568262
4/30/2013,0.014914293,0.028871292
5/1/2013,-0.011546771,-0.0077772
5/2/2013,0.013357819,0.014081397
5/3/2013,0.009902557,0.009849216
5/6/2013,0.007733531,0.023675203
5/7/2013,-0.013122765,-0.004568304
5/8/2013,-0.009653167,0.011230957
5/9/2013,-0.010053398,-0.015360351
5/10/2013,0.000918133,-0.008310297
5/13/2013,0.010347019,0.003855947
5/14/2013,0.015024321,-0.024150118
5/15/2013,0.009202974,-0.034494476
5/16/2013,0.007067167,0.013296774
5/17/2013,0.022916159,-0.00306526
5/20/2013,0.006004307,0.022210708
5/21/2013,-0.00657803,-0.007455027
5/22/2013,-0.00691048,0.003813766
5/23/2013,-0.013380072,0.001743127
5/24/2013,0.00350775,0.006785036
5/28/2013,0.021648991,-0.008369571
5/29/2013,-0.004005728,0.007897688
5/30/2013,0.004291238,0.014835909
5/31/2013,-0.003718008,-0.004038527
6/3/2013,0.01957787,0.002176618
6/4/2013,-0.017002393,-0.003110906
6/5/2013,-0.006019797,-0.00939121
6/6/2013,0.005162042,-0.015052174
6/7/2013,0.020105449,0.007633625
6/10/2013,-0.005622731,-0.006676229
6/11/2013,-0.017921117,-0.003034904
6/12/2013,0.00458191,-0.012394525
6/13/2013,-0.008032172,0.008708328
6/14/2013,-0.009259325,-0.013579258
6/17/2013,0.017291497,0.004384903
6/18/2013,-0.000571592,-0.000486263
6/19/2013,-0.011211847,-0.020474059
6/20/2013,-0.032317736,-0.014669375
6/21/2013,-0.006891413,-0.008093114
6/24/2013,0.013735659,-0.026764336
6/25/2013,-0.0014839,0.000173868
6/26/2013,0.019994785,-0.011364752
6/27/2013,0.007829531,-0.01096192
6/28/2013,-0.002313477,0.007085946
7/1/2013,-0.005224976,0.031450772
7/2/2013,-0.012298837,0.022328397
7/3/2013,0.002060339,0.00550506
7/5/2013,0.0058634,-0.008017414
7/8/2013,0.003210276,-0.005718145
7/9/2013,0.000873744,0.017554576
7/10/2013,0.010137668,-0.003985392
7/11/2013,0.027850621,0.015519545
7/12/2013,-0.000280308,-0.001803723
7/15/2013,0.013920047,0.002131323
7/16/2013,0.002760907,0.006529569
7/17/2013,-0.014720444,0.000162694
7/18/2013,-0.008429384,0.003410478
7/19/2013,-0.121033233,-0.0158513
7/22/2013,0.019240461,0.003124746
7/23/2013,-0.005953331,-0.017224672
7/24/2013,0.004390098,0.050014495
7/25/2013,-0.01799575,-0.004618946
7/26/2013,0.007300461,0.005730675
7/29/2013,-0.00253325,0.015279497
7/30/2013,0.0097808,0.012273905
7/31/2013,-0.000314021,-0.001700024
8/1/2013,-0.0053535,0.009084673
8/2/2013,0.00692262,0.012793351
8/5/2013,-0.0059758,0.014721612
8/6/2013,-0.003792672,-0.008987478
8/7/2013,0.015085138,-0.000451501
8/8/2013,0.025559513,-0.008617485
8/9/2013,-0.005793582,-0.014375534
8/12/2013,0.00518531,0.028098135
8/13/2013,-0.019662692,0.046383854
8/14/2013,0.003716325,0.017995526
8/15/2013,-0.017462246,-0.001124069
8/16/2013,0.000314515,0.008818029
8/19/2013,-0.012976919,0.010673052
8/20/2013,0.007300461,-0.013184564
8/21/2013,-0.000316306,0.002650856
8/22/2013,0.024376207,0.001114051
8/23/2013,0.070329839,-0.003904621
8/26/2013,-0.017416986,0.003904621
8/27/2013,-0.026407112,-0.028946603
8/28/2013,-0.007242035,0.004716653
8/29/2013,0.015923425,0.001567287
8/30/2013,-0.004480963,-0.009153382
9/3/2013,-0.046577046,0.002869442
9/4/2013,-0.021560759,0.020420449
9/5/2013,0.00128123,-0.006901922
9/6/2013,-0.00288508,0.005918845
9/9/2013,0.016239809,0.015891051
9/10/2013,0.022795679,-0.02308279
9/11/2013,0.010747839,-0.055877205
9/12/2013,-0.001528351,0.010569507
9/13/2013,0.010347019,-0.016724296
9/16/2013,-0.006987724,-0.032288016
9/17/2013,0.003955581,0.011596574
9/18/2013,0.011773721,0.020239601
9/19/2013,0.009558018,0.016287248
9/20/2013,-0.025592244,-0.010429177
9/23/2013,-0.001526019,0.048526253
9/24/2013,-0.00858901,-0.003143758
9/25/2013,0.001231527,-0.015577987
9/26/2013,0.008273373,0.009692662
9/27/2013,0.015142627,-0.007224421
9/30/2013,0.000300526,-0.012402581
10/1/2013,0.008974036,0.023219734
10/2/2013,0.010074159,0.003293952
10/3/2013,-0.001770434,-0.01266204
10/4/2013,0.000590493,-0.000869187
10/7/2013,-0.017267473,0.009806828
10/8/2013,-0.008746851,-0.014018584
10/9/2013,0.001815981,0.011575878
10/10/2013,0.020650143,0.006310074
10/11/2013,0.010900093,0.006412562
10/14/2013,0.009332235,0.006512836
10/15/2013,0.001160429,0.005348359
10/16/2013,0.004339657,0.004900941
10/17/2013,0.008050647,0.00668247
10/18/2013,0.00114482,0.008703516
10/21/2013,0.000857756,0.024189248
10/22/2013,-0.011786826,-0.002823531
10/23/2013,-0.023998811,0.00964767
10/24/2013,-0.001185537,0.013246981
10/25/2013,0.057899539,-0.011248713
10/28/2013,-0.004488086,0.00742512
10/29/2013,-0.001406668,-0.025283937
10/30/2013,0.000562905,0.015727188
10/31/2013,-0.003947003,-0.004143006
11/1/2013,0.003384098,-0.005102052
11/4/2013,0.011754963,0.01283955
11/5/2013,0.019289658,-0.00252811
11/6/2013,0.041171278,-0.008563071
11/7/2013,-0.017970885,-0.016392699
11/8/2013,0.007438929,0.015720611
11/11/2013,-0.005041804,-0.002962566
11/12/2013,-0.006137444,0.001886285
11/13/2013,0.021187233,0.001210735
11/14/2013,-0.00367551,0.014283097
11/15/2013,-0.004745593,-0.005982072
11/18/2013,-0.017057983,-0.012207543
11/19/2013,-0.012442681,0.001753085
11/20/2013,0.009211661,-0.008796322
11/21/2013,0.008592964,0.011890425
11/22/2013,0.004535155,-0.00255531
11/25/2013,0.001861455,0.00751278
11/26/2013,-0.007734403,0.018276234
11/27/2013,0.006671139,0.023219151
11/29/2013,0.013997323,0.018421406
12/2/2013,0.008357322,-0.008723742
12/3/2013,-0.003647737,0.026935546
12/4/2013,0.016311041,-0.002351341
12/5/2013,-0.02443584,0.005190323
12/6/2013,0.00942909,-0.014026172
12/9/2013,0.00882435,0.011434378
12/10/2013,-0.015362885,-0.001607817
12/11/2013,-0.013206742,-0.007454377
12/12/2013,-0.010423721,-0.001372684
12/13/2013,-0.014342013,-0.011049836
12/16/2013,0.00516516,0.00554018
12/17/2013,-0.009809343,-0.004530589
12/18/2013,0.001641587,-0.007596897
12/19/2013,-0.009062262,-0.011504665
12/20/2013,0.015058464,0.008322178
12/23/2013,-0.004903306,0.037660046
12/24/2013,0.012483201,-0.004183592
12/26/2013,0.009661911,-0.006680713
12/27/2013,-0.004014457,-0.006850622
12/30/2013,0,-0.009922835
12/31/2013,0.003212854,0.011671087
1/2/2014,-0.006705134,-0.014198894
1/3/2014,-0.006750397,-0.022265795
1/6/2014,-0.021358972,0.005420067
1/7/2014,0.007719917,-0.007103679
1/8/2014,-0.018013512,0.006331179
1/9/2014,-0.00645254,-0.012833153
1/10/2014,0.014252023,-0.0068072
1/13/2014,-0.029852963,0.005240416
1/14/2014,0.022612608,0.019794941
1/15/2014,0.027021219,0.019787556
1/16/2014,0.003530214,-0.005541576
1/17/2014,-0.013921339,-0.024806284
1/21/2014,-0.005789127,0.015416544
1/22/2014,-0.006657445,0.004452084
1/23/2014,0.003611617,0.008341808
1/24/2014,0.020313627,-0.018290869
1/27/2014,-0.02114592,0.008043452
1/28/2014,0.006639029,-0.083226815
1/29/2014,0.010695289,-0.011396927
1/30/2014,0.00544071,-0.001958864
1/31/2014,0.026239792,0.001539431
2/3/2014,-0.036602579,0.001955854
2/4/2014,-0.003569961,0.014273089
2/5/2014,-0.014687807,0.00753893
2/6/2014,0.010000083,-0.000136565
2/7/2014,0.010448267,0.013834481
2/10/2014,0.006543099,0.017756291
2/11/2014,0.010273137,0.013145976
2/12/2014,0.007769631,-0.000130608
2/13/2014,0.00372936,0.015809582
2/14/2014,0.000265851,-0.00090038
2/18/2014,-0.005330503,0.003724877
2/19/2014,0.002402243,-0.015894888
2/20/2014,0.006377912,-0.011660794
2/21/2014,0.00607423,-0.01113184
2/24/2014,-0.007664898,0.004255326
2/25/2014,-0.003987776,-0.010404256
2/26/2014,-0.001866418,-0.009024238
2/27/2014,0.010354533,0.019693851
2/28/2014,0.011815813,-0.00265675
3/3/2014,-0.013931097,0.002789402
3/4/2014,0.01653798,0.006610283
3/5/2014,-0.007841127,0.002106095
3/6/2014,0.001049043,-0.003028909
3/7/2014,-0.006574646,-0.000527704
3/10/2014,-0.002113049,0.0009233
3/11/2014,0.005274274,0.00957824
3/12/2014,0.006553962,0.001044114
3/13/2014,-0.009979074,-0.01114985
3/14/2014,-0.005027131,-0.011275572
3/17/2014,0.00924099,0.003861266
3/18/2014,0.03866461,0.008732524
3/19/2014,-0.007104826,-0.000263505
3/20/2014,0.02663474,-0.004754995
3/21/2014,-0.004224134,0.007781114
3/24/2014,0.008430499,0.011883914
3/25/2014,-0.003958442,0.010717386
3/26/2014,-0.013727908,-0.009679368
3/27/2014,-0.010865552,-0.004288784
3/28/2014,0.023601397,-0.001172868
3/31/2014,0.016976666,-0.000130404
4/1/2014,0.010435721,0.009087431
4/2/2014,-0.001691434,0.001678611
4/3/2014,-0.008256482,-0.006991225
4/4/2014,-0.028191778,-0.01307721
4/7/2014,-0.001757249,-0.015788056
4/8/2014,0.000502386,0
4/9/2014,0.01619166,0.013019979
4/10/2014,-0.027810887,-0.013019979
4/11/2014,-0.003818256,-0.007382088
4/14/2014,-0.000765404,0.004033348
4/15/2014,0.014443429,-0.00727178
4/16/2014,0.016219944,0.002025249
4/17/2014,-0.009700362,0.011399574
4/21/2014,-0.001751095,0.011798374
4/22/2014,0.001251095,0.001053741
4/23/2014,-0.007530156,-0.013252248
4/24/2014,0.004274048,0.07885162
4/25/2014,0.001253604,0.007370135
4/28/2014,0.023769379,0.037944281
4/29/2014,-0.00884744,-0.002950029
4/30/2014,-0.002719072,-0.00378878
5/1/2014,-0.009950331,0.002369669
5/2/2014,-0.007780187,0.001773574
5/5/2014,-0.006572319,0.014076479
5/6/2014,-0.009428022,-0.010891951
5/7/2014,0.009174376,-0.003538992
5/8/2014,0.005565408,-0.007353846
5/9/2014,-0.002525892,-0.004175371
5/12/2014,0.010816355,0.012356104
5/13/2014,0.011195539,0.001533833
5/14/2014,-0.004463186,0.000235766
5/15/2014,-0.016032408,-0.008522779
5/16/2014,0.005791279,0.014633256
5/19/2014,-0.002010556,0.011762786
5/20/2014,-0.001762559,0.000231535
5/21/2014,0.016744112,0.002658807
5/22/2014,-0.00621506,0.001499683
5/23/2014,0.000498629,0.011233497
5/27/2014,0.001743245,0.018633027
5/28/2014,-0.004488786,-0.002688776
5/29/2014,0.00821411,0.018120667
5/30/2014,0.014764048,-0.003752764
6/2/2014,-0.003670627,-0.006879743
6/3/2014,-0.012333654,0.014041914
6/4/2014,0.000744325,0.011353834
6/5/2014,0.021833322,0.00390033
6/6/2014,0.006530438,-0.002815378
6/9/2014,-0.00507554,0.015921162
6/10/2014,-0.003884443,0.005852637
6/11/2014,-0.006099812,-0.004146516
6/12/2014,-0.006876255,-0.016868517
6/13/2014,0.015890812,-0.011004088
6/16/2014,0.006527281,0.010028425
6/17/2014,0.00432797,-0.001302366
6/18/2014,-0.000720029,0.001085423
6/19/2014,-0.003367007,-0.003477508
6/20/2014,0.004087035,-0.010395673
6/23/2014,0.007410097,-0.000880379
6/24/2014,-0.005971593,-0.006073676
6/25/2014,0.006923747,0.00088574
6/26/2014,-0.007403019,0.00595831
6/27/2014,0.012623724,0.011811161
6/30/2014,-0.013103225,0.010275359
7/1/2014,0.004068451,0.006328796
7/2/2014,0.000716247,-0.000427807
7/3/2014,-0.002389487,0.005866371
7/7/2014,0.004535155,0.020421762
7/8/2014,-0.005013739,-0.006481311
7/9/2014,-0.002636311,0.000419419
7/10/2014,0.000239952,-0.003675896
7/11/2014,0.009788785,0.001892148
7/14/2014,0.001187226,0.012834736
7/15/2014,0.007329504,-0.011785087
7/16/2014,0.037679252,-0.005681236
7/17/2014,0.010156954,-0.017991649
7/18/2014,0.003586644,0.014292052
7/21/2014,0.003350835,-0.005202539
7/22/2014,-0.00022304,0.008268891
7/23/2014,0.000891862,0.025742654
7/24/2014,-0.010529951,-0.001647616
7/25/2014,0.00224972,0.00657424
7/28/2014,-0.011981606,0.0137274
7/29/2014,-0.002048948,-0.006484319
7/30/2014,-0.006860306,-0.002340611
7/31/2014,-0.009684189,-0.026324101
8/1/2014,-0.00697515,0.005528622
8/4/2014,0.011828968,-0.00563323
8/5/2014,-0.006709106,-0.00492896
8/6/2014,-0.007923602,-0.001683502
8/7/2014,0.011399449,-0.005067578
8/8/2014,-0.000694203,0.002748126
8/11/2014,0,0.013107722
8/12/2014,0.007380107,-0.000208377
8/13/2014,0.012785562,0.013146507
8/14/2014,0.004301082,0.002670229
8/15/2014,0.011677653,0.004910998
8/18/2014,0.007119051,0.011971331
8/19/2014,0.004865114,0.013721483
8/20/2014,-0.008418304,0.000397812
8/21/2014,0.005988706,9.94E-05
8/22/2014,-0.001549187,0.007330394
8/25/2014,0.00044287,0.002168984
8/26/2014,-0.00377066,-0.006421995
8/27/2014,-0.00289307,0.012215697
8/28/2014,0.000222841,0.001174283
8/29/2014,0.012180419,0.002442004
9/2/2014,-0.007512187,0.007774578
9/3/2014,-0.002887287,-0.04312377
9/4/2014,0.006650435,-0.008322386
9/5/2014,0.014259318,0.008625555
9/8/2014,0.012123985,-0.006182557
9/9/2014,0.006221194,-0.003768785
9/10/2014,0.001709402,0.030255084
9/11/2014,0.003410063,0.004248389
9/12/2014,-0.006403437,0.002265007
9/15/2014,-0.00989894,-0.000295145
9/16/2014,0.011182912,-0.007605351
9/17/2014,-0.005145809,0.007113249
9/18/2014,0.00343348,0.002065202
9/19/2014,0.017834868,-0.008187469
9/22/2014,-0.009727292,0.000990001
9/23/2014,-0.01068158,0.01551332
9/24/2014,0.011106479,-0.008708896
9/25/2014,-0.022337699,-0.038878757
9/26/2014,0.008004369,0.029002133
9/29/2014,0.000646204,-0.006372619
9/30/2014,-0.001724138,0.006372619
10/1/2014,-0.009971901,-0.01570582
10/2/2014,-0.00305477,0.007233305
10/3/2014,0.00718566,-0.002806738
10/6/2014,0,0
10/7/2014,-0.012224557,-0.008771544
10/8/2014,0.027084312,0.020546952
10/9/2014,-0.020080562,0.002180161
10/10/2014,-0.040503979,-0.002874847
10/13/2014,-0.008667937,-0.009175291
10/14/2014,0.001831083,-0.010676975
10/15/2014,-0.011731014,-0.012328853
10/16/2014,-0.011168101,-0.013209686
10/17/2014,0.020609737,0.014541586
10/20/2014,0.010261178,0.021172852
10/21/2014,0.017986096,0.026802771
10/22/2014,-0.011203344,0.005061823
10/23/2014,0.014317918,0.017708094
10/24/2014,0.024356662,0.003713406
10/27/2014,-0.004780539,-0.001045975
10/28/2014,0.012554277,0.01538855
10/29/2014,0.002792398,0.005605396
10/30/2014,-0.012301871,-0.003359466
10/31/2014,0.019355443,0.009489326
11/3/2014,0.010382549,0.012879663
11/4/2014,0.002736556,-0.007339482
11/5/2014,0.006077772,0.002391246
11/6/2014,0.017398948,-0.001470859
11/7/2014,-0.000410762,0.002847827
11/10/2014,0.004304608,-0.001652589
11/11/2014,-0.000409165,0.007962336
11/12/2014,-0.001843318,0.014030554
11/13/2014,0.016872034,0.014013707
11/14/2014,-0.0006049,0.011982522
11/17/2014,-0.002423265,-0.001665425
11/18/2014,-0.014664214,0.012900031
11/19/2014,-0.010726175,-0.006952318
11/20/2014,0.009905157,0.014200602
11/21/2014,-0.014894773,0.001374689
11/24/2014,-0.008161602,0.018291377
11/25/2014,-0.002524723,-0.008636071
11/26/2014,0.005881134,0.011834458
11/28/2014,0.001255756,-0.000588408
12/1/2014,0.016800146,-0.032994446
12/2/2014,-0.003296253,-0.003831089
12/3/2014,-0.007872425,0.011277011
12/4/2014,0.015683359,-0.003802615
12/5/2014,-0.008636698,-0.004251818
12/8/2014,-0.014981554,-0.022868191
12/9/2014,-0.002308743,0.015186589
12/10/2014,-0.01460498,-0.019198183
12/11/2014,0.005740422,-0.002952098
12/12/2014,-0.004674892,-0.017077442
12/15/2014,-0.005981646,-0.013856611
12/16/2014,-0.032889821,-0.013770221
12/17/2014,0.012761449,0.024706323
12/18/2014,0.038177486,0.029183373
12/19/2014,0.002941797,-0.007753013
12/22/2014,0.006691786,0.01032405
12/23/2014,0.009748081,-0.00354799
12/24/2014,-0.006418906,-0.004720561
12/26/2014,-0.005415552,0.017522572
12/29/2014,-0.009021356,-0.000702062
12/30/2014,-0.009103482,-0.012277679
12/31/2014,-0.012196578,-0.019202026
1/2/2015,0.006651671,-0.009558127
1/5/2015,-0.009454303,-0.028576024
1/6/2015,-0.014570226,9.41E-05
1/7/2015,0.012625331,0.013924808
1/8/2015,0.028993717,0.037702517
1/9/2015,-0.008440649,0.001071907
1/12/2015,-0.012581465,-0.024949319
1/13/2015,-0.005163523,0.008839534
1/14/2015,-0.008665565,-0.003817839
1/15/2015,-0.010498784,-0.027515354
1/16/2015,0.016572555,-0.007800425
1/20/2015,0.003238694,0.02543102
1/21/2015,-0.010183167,0.007605296
1/22/2015,0.026008989,0.025682871
1/23/2015,0.001060333,0.005146874
1/26/2015,-0.003609729,0.001061571
1/27/2015,-0.097098632,-0.035640921
1/28/2015,-0.035066205,0.054992692
1/29/2015,0.019712177,0.03065865
1/30/2015,-0.0390779,-0.014742282
2/2/2015,0.021548336,0.012468884
2/3/2015,0.007722046,0.000168577
2/4/2015,0.005752652,0.007640355
2/5/2015,0.014474093,0.00317328
2/6/2015,-0.000942729,-0.008456533
2/9/2015,-0.001179663,0.006620598
2/10/2015,0.005649733,0.019029283
2/11/2015,-0.0051777,0.02316831
2/12/2015,0.016614399,0.012572776
2/13/2015,0.017939764,0.004890757
2/17/2015,-0.006632386,0.005884447
2/18/2015,-0.001147974,0.006938247
2/19/2015,-0.000689417,-0.002099779
2/20/2015,0.008241805,0.008141158
2/23/2015,0.006590184,0.026668247
2/24/2015,-0.001359928,-0.006260155
2/25/2015,-0.002270664,-0.025905802
2/26/2015,0.001590006,0.012576841
2/27/2015,-0.004777623,-0.01514244
3/2/2015,0.000683917,0.004892264
3/3/2015,-0.013768001,0.00208938
3/4/2015,-0.005096143,-0.006359075
3/5/2015,0.001160497,-0.016709547
3/6/2015,-0.017550468,0.001501917
3/9/2015,0.011501124,0.004256332
3/10/2015,-0.019321996,-0.020902808
3/11/2015,-0.001190335,-0.018399709
3/12/2015,-0.023133562,0.017917703
3/13/2015,0.00873792,-0.006934393
3/16/2015,0.004340494,0.010944022
3/17/2015,0.003362963,0.01658834
3/18/2015,0.019002947,0.011193417
3/19/2015,-0.005189915,-0.007579049
3/20/2015,0.014091356,-0.012628424
3/23/2015,-0.000466527,0.010351323
3/24/2015,0.000932836,-0.004096107
3/25/2015,-0.034142719,-0.026474134
3/26/2015,-0.006048162,0.006946155
3/27/2015,-0.005840854,-0.008000366
3/30/2015,-0.000244111,0.024999299
3/31/2015,-0.007351173,-0.015470803
4/1/2015,0.001474564,-0.001447644
4/2/2015,-0.010616073,0.008574801
4/6/2015,0.030553519,0.016068735
4/7/2015,-0.000240761,-0.010577933
4/8/2015,-0.002652202,-0.003259015
4/9/2015,0.001447527,0.00761425
4/10/2015,0.005769247,0.004257674
4/13/2015,0.000958313,-0.001968892
4/14/2015,-0.002637575,-0.004345257
4/15/2015,0.014539644,0.003793271
4/16/2015,-0.002369108,-0.004823097
4/17/2015,-0.012891083,-0.011318469
4/20/2015,0.030291005,0.022588636
4/21/2015,-0.006079046,-0.005422197
4/22/2015,0.007942111,0.013384147
4/23/2015,0.008341105,0.008130441
4/24/2015,0.099413007,0.004693219
4/27/2015,0.003336812,0.0180281
4/28/2015,0.023254469,-0.015881189
4/29/2015,-0.002036246,-0.014815086
4/30/2015,-0.008597801,-0.027504788
5/1/2015,0.0004111,0.029911714
5/4/2015,-0.008668785,-0.001940618
5/5/2015,-0.013355791,-0.02279077
5/6/2015,-0.028122859,-0.00629961
5/7/2015,0.009034262,0.001997843
5/8/2015,0.022234902,0.018665521
5/11/2015,-0.00798995,-0.010238728
5/12/2015,-0.000422297,-0.003648192
5/13/2015,0.005686021,0.001191091
5/14/2015,0.022836782,0.023063463
5/15/2015,-0.008658063,-0.001396865
5/18/2015,-0.006022238,0.010967055
5/19/2015,-0.008996818,-0.000922155
5/20/2015,0,-7.69E-05
5/21/2015,-0.003368424,0.010174117
5/22/2015,-0.011026405,0.008714487
5/26/2015,-0.00663175,-0.022277394
5/27/2015,0.021656897,0.018497814
5/28/2015,-0.003366298,-0.001971041
5/29/2015,-0.012512092,-0.011447885
6/1/2015,0.007864851,0.001993713
6/2/2015,-0.00658526,-0.004452982
6/3/2015,-0.001493015,0.001230391
6/4/2015,-0.01051399,-0.005857886
6/5/2015,-0.004756766,-0.005503677
6/8/2015,-0.008925715,-0.006628997
6/9/2015,-0.001750931,-0.002977825
6/10/2015,0.020811503,0.011393022
6/11/2015,-0.003653954,-0.002252691
6/12/2015,-0.010172147,-0.011104274
6/15/2015,-0.010716341,-0.001967807
6/16/2015,0.00766623,0.005343404
6/17/2015,0.003050111,-0.002353865
6/18/2015,0.016183329,0.004545819
6/19/2015,-0.013359389,-0.010059814
6/22/2015,0.002815988,0.007946228
6/23/2015,-0.00694598,-0.004555459
6/24/2015,-0.005898433,0.008465991
6/25/2015,0.000219082,-0.004772905
6/26/2015,-0.008579967,-0.005899722
6/29/2015,-0.019860075,-0.017669992
6/30/2015,-0.004970638,0.007121454
7/1/2015,0.006547038,0.009364405
7/2/2015,-0.000900495,-0.001264622
7/6/2015,-0.000225251,-0.00348598
7/7/2015,-0.002029542,-0.002463349
7/8/2015,-0.00135532,-0.025136263
7/9/2015,0.006309169,-0.020607389
7/10/2015,0.002019523,0.026383285
7/13/2015,0.020633011,0.019121656
7/14/2015,0.001755156,-0.000397978
7/15/2015,0.00306413,0.00958689
7/16/2015,0.01947692,0.013237964
7/17/2015,-0.000857633,0.008600371
7/20/2015,0.00641439,0.018724992
7/21/2015,0.007643349,-0.010044982
7/22/2015,-0.037496312,-0.043214913
7/23/2015,0.012438786,-0.000479272
7/24/2015,-0.003693649,-0.005287203
7/27/2015,-0.012926021,-0.01399303
7/28/2015,-0.000220531,0.004956338
7/29/2015,0.02073631,-0.003165973
7/30/2015,0.01266519,-0.005053809
7/31/2015,-0.003846981,-0.008782426
8/3/2015,0.002352691,-0.023860313
8/4/2015,0.015474607,-0.03260972
8/5/2015,0.000841043,0.006607571
8/6/2015,-0.020382871,-0.002342429
8/7/2015,0.002570696,0.00338175
8/10/2015,0.012544015,0.035712008
8/11/2015,-0.019629391,-0.053440956
8/12/2015,0.007085376,0.015302183
8/13/2015,-0.000213972,-0.000781284
8/14/2015,0.005761245,0.007009678
8/17/2015,0.006785437,0.010295218
8/18/2015,-0.001057194,-0.005649249
8/19/2015,-0.014060734,-0.012872192
8/20/2015,-0.020592469,-0.020733414
8/21/2015,-0.058395942,-0.063113291
8/24/2015,-0.032805302,-0.025279017
8/25/2015,-0.029460439,0.00599441
8/26/2015,0.053872126,0.055770436
8/27/2015,0.027481235,0.029021398
8/28/2015,0.000683138,0.0032713
8/31/2015,-0.009376855,-0.004689237
9/1/2015,-0.039845909,-0.045726398
9/2/2015,0.036162663,0.041994719
9/3/2015,0.003223581,-0.017691629
9/4/2015,-0.020671971,-0.010016474
9/8/2015,0.029597536,0.027441021
9/9/2015,-0.018859805,-0.019419832
9/10/2015,0.005094962,0.021732177
9/11/2015,0.004379401,0.014463609
9/14/2015,-0.010171146,0.009585295
9/15/2015,0.021605069,0.008376922
9/16/2015,0.007249692,0.001117367
9/17/2015,-0.001129306,-0.021621995
9/18/2015,-0.017554309,-0.004134236
9/21/2015,0.014385452,0.015394339
9/22/2015,-0.004772194,-0.015835159
9/23/2015,-0.000683605,0.008080142
9/24/2015,0.000911369,0.005930595
9/25/2015,0.000682982,-0.002524924
9/28/2015,-0.014903406,-0.019987458
9/29/2015,0.003459014,-0.030521557
9/30/2015,0.018700659,0.011305737
10/1/2015,0.007876715,-0.00654905
10/2/2015,0.021291556,0.007274082
10/5/2015,0.022994506,0.003617295
10/6/2015,0.002570145,0.004772849
10/7/2015,0.001068947,-0.004772849
10/8/2015,0.013793322,-0.011621703
10/9/2015,-0.007191232,0.023645177
10/12/2015,-0.002337691,-0.004648676
10/13/2015,-0.002343169,0.001701061
10/14/2015,-0.004488626,-0.014234475
10/15/2015,0.007044538,0.014860453
10/16/2015,0.01057987,-0.007357593
10/19/2015,0.002312626,0.00619475
10/20/2015,0.003144986,0.01809362
10/21/2015,-0.012003935,-8.79E-05
10/22/2015,0.017431923,0.015179564
10/23/2015,0.096010255,0.030525006
10/26/2015,0.025766922,-0.032431584
10/27/2015,-0.010376228,-0.006352543
10/28/2015,0.005386843,0.040378422
10/29/2015,-0.011552206,0.010508854
10/30/2015,-0.013585115,-0.008582313
11/2/2015,0.011333707,0.013960672
11/3/2015,0.01694798,0.011405252
11/4/2015,0.00460618,-0.004661251
11/5/2015,-0.000367715,-0.008891875
11/6/2015,0.009881142,0.001157121
11/9/2015,-0.013934952,-0.004055793
11/10/2015,-0.012074076,-0.032024309
11/11/2015,0.002612917,-0.00566817
11/12/2015,-0.006169974,-0.003364538
11/13/2015,-0.009043016,-0.029643493
11/16/2015,0.017261217,0.016246163
11/17/2015,-0.014803981,-0.004300704
11/18/2015,0.016476688,0.031174054
11/19/2015,0.001669914,0.012623542
11/20/2015,0.004624072,0.004368287
11/23/2015,0,-0.013077596
11/24/2015,0.001106603,0.009550848
11/25/2015,-0.010376228,-0.007175752
11/27/2015,0.004460145,-0.001865672
11/30/2015,0.007757704,0.004150614
12/1/2015,0.015880593,-0.008148067
12/2/2015,-0.00018111,-0.009074628
12/3/2015,-0.018463188,-0.009331327
12/4/2015,0.031062347,0.032705814
12/7/2015,-0.00179019,-0.006320867
12/8/2015,-0.000358423,-0.000422815
12/9/2015,-0.014625159,-0.022322928
12/10/2015,0.005260783,0.004745684
12/11/2015,-0.022135725,-0.026075164
12/14/2015,0.019780865,-0.006204044
12/15/2015,0.001087548,-0.017850409
12/16/2015,0.016707476,0.007663564
12/17/2015,-0.007690282,-0.021424204
12/18/2015,-0.028591586,-0.027442306
12/21/2015,0.012848929,0.012186128
12/22/2015,0.00943917,-0.00093214
12/23/2015,0.008455569,0.012787424
12/24/2015,-0.002690826,-0.005354518
12/28/2015,0.005017033,-0.011263791
12/29/2015,0.010666768,0.017814537
12/30/2015,-0.004253063,-0.013144686
12/31/2015,-0.014849544,-0.019381546
1/4/2016,-0.012332401,0.00085466
1/5/2016,0.004551669,-0.025378657
1/6/2016,-0.018332319,-0.019763683
1/7/2016,-0.035401927,-0.04312106
1/8/2016,0.003062203,0.005273783
1/11/2016,-0.000573449,0.016062548
1/12/2016,0.00913596,0.014409036
1/13/2016,-0.021835765,-0.02604657
1/14/2016,0.028068668,0.021635093
1/15/2016,-0.040735699,-0.024308342
1/19/2016,-0.008468785,-0.004850621
1/20/2016,0.004538735,0.001344017
1/21/2016,-0.006122267,-0.005075364
1/22/2016,0.03522793,0.051801992
1/25/2016,-0.009608068,-0.019715863
1/26/2016,0.007310537,0.005515734
1/27/2016,-0.018377536,-0.067964726
1/28/2016,0.016266819,0.007146316
1/29/2016,0.056571312,0.033958233
2/1/2016,-0.006921703,-0.009392648
2/2/2016,-0.031754595,-0.020429185
2/3/2016,-0.015975996,0.019599223
2/4/2016,-0.003072199,0.002591346
2/5/2016,-0.036025822,-0.027071216
2/8/2016,-0.015065063,0.010474624
2/9/2016,-0.002634514,-0.000210526
2/10/2016,0.008687801,-0.007608617
2/11/2016,-0.000402414,-0.006064816
2/12/2016,0.016169631,0.003090204
2/16/2016,0.011615447,0.027804341
2/17/2016,0.025699415,0.015198485
2/18/2016,-0.004397292,-0.019138356
2/19/2016,-0.007114731,-0.002288093
2/22/2016,0.015890063,0.008708328
2/23/2016,-0.028317408,-0.022864701
2/24/2016,0.003510829,0.014780918
2/25/2016,0.014305289,0.00684437
2/26/2016,-0.015474197,0.001549027
2/29/2016,-0.008220833,-0.002272728
3/1/2016,0.0328659,0.038946206
3/2/2016,0.007012253,0.00218601
3/3/2016,-0.011396135,0.007416598
3/4/2016,-0.006131462,0.014767272
3/7/2016,-0.01940678,-0.01112858
3/8/2016,0.0120765,-0.008279988
3/9/2016,0.022778284,0.000890428
3/10/2016,-0.015063685,0.00049434
3/11/2016,0.019407002,0.010716319
3/14/2016,0.001882531,0.002539312
3/15/2016,0.007868156,0.019894427
3/16/2016,0.01408213,0.013203706
3/17/2016,0.005687567,-0.001605516
3/18/2016,-0.02163746,0.001133573
3/21/2016,0.006893367,-9.44E-05
3/22/2016,0.003891416,0.007618905
3/23/2016,-0.001851167,-0.005543824
3/24/2016,0.004437057,-0.004343727
3/28/2016,-0.012436355,-0.004552792
3/29/2016,0.02161747,0.023395627
3/30/2016,0.006195355,0.017308478
3/31/2016,0.003264421,-0.005216209
4/1/2016,0.006137203,0.009133318
4/4/2016,-0.002522524,0.010221246
4/5/2016,-0.01581995,-0.011859099
4/6/2016,0.010211613,0.010418176
4/7/2016,-0.012046139,-0.022051007
4/8/2016,-0.000734754,0.001104972
4/11/2016,-0.002023361,0.003307611
4/12/2016,0.006240843,0.012941035
4/13/2016,0.012727445,0.014383563
4/14/2016,0.000180652,0.00053538
4/15/2016,0.005224766,-0.020275531
4/18/2016,0.014450345,-0.021811015
4/19/2016,-0.001240585,-0.005317425
4/20/2016,-0.014288509,0.002055691
4/21/2016,0.003412053,-0.010887015
4/22/2016,-0.074411408,-0.002740375
4/25/2016,0.006352895,-0.005693695
4/26/2016,-0.012940789,-0.006971331
4/27/2016,-0.00976761,-0.064621578
4/28/2016,-0.020627467,-0.03104324
4/29/2016,-0.000601383,-0.011560822
5/2/2016,0.014729566,-0.00106735
5/3/2016,-0.016535888,0.016312193
5/4/2016,0.001806323,-0.010455817
5/5/2016,0.001402665,-0.010137205
5/6/2016,0.008970458,-0.005592615
5/9/2016,-0.006370716,0.000754676
5/10/2016,0.018795686,0.00676658
5/11/2016,0.000587832,-0.009788708
5/12/2016,0.008970419,-0.023736417
5/13/2016,-0.008382932,0.001990491
5/16/2016,0.014576101,0.03644655
5/17/2016,-0.025797796,-0.004162892
5/18/2016,0.005921849,0.011380075
5/19/2016,-0.009690573,-0.003814372
5/20/2016,0.005944143,0.010769822
5/23/2016,-0.01172393,0.012627353
5/24/2016,0.03070503,0.015129193
5/25/2016,0.010220897,0.017416398
5/26/2016,-0.004422659,0.007898856
5/27/2016,0.008252614,-0.000597729
5/31/2016,0.012913206,-0.00489487
6/1/2016,-0.002834201,-0.014118831
6/2/2016,-0.007025568,-0.007544128
6/3/2016,-0.013235064,0.002044572
6/6/2016,0.006543518,0.007224656
6/7/2016,-0.00057565,0.00404736
6/8/2016,-0.001152295,-0.000909229
6/9/2016,-0.008103459,0.007150441
6/10/2016,-0.002715812,-0.008262844
6/13/2016,-0.02637429,-0.015191198
6/14/2016,-0.00620188,0.001232033
6/15/2016,-0.002813507,-0.0032888
6/16/2016,0.013989037,0.00421183
6/17/2016,-0.005173111,-0.023020511
6/20/2016,-0.001197605,-0.002415587
6/21/2016,0.022122174,0.008481282
6/22/2016,-0.003914665,-0.003760581
6/23/2016,0.017881915,0.005739645
6/24/2016,-0.040894238,-0.028497971
6/27/2016,-0.028497756,-0.01466808
6/28/2016,0.020640357,0.016700275
6/29/2016,0.022005289,0.008617533
6/30/2016,0.012388321,0.012631747
7/1/2016,-0.000195446,0.003028881
7/5/2016,0.000195446,-0.009430078
7/6/2016,0.004095569,0.005668711
7/7/2016,0,0.004282662
7/8/2016,0.017747379,0.00768356
7/11/2016,0.005529617,0.003098216
7/12/2016,0.011720361,0.004526757
7/13/2016,0.005622204,-0.005661655
7/14/2016,0.004289051,0.019626512
7/15/2016,-0.000744602,-0.00010123
7/18/2016,0.00483003,0.010573584
7/19/2016,-0.016254445,0.000400601
7/20/2016,0.051754668,0.000900766
7/21/2016,-0.001969386,-0.005316227
7/22/2016,0.01370494,-0.007774283
7/25/2016,0.002824362,-0.013469591
7/26/2016,0.000528681,-0.006906888
7/27/2016,-0.010093047,0.062940317
7/28/2016,0.000355872,0.013411364
7/29/2016,0.008326738,-0.001246704
8/1/2016,-0.001765849,0.017502587
8/2/2016,0,-0.014915015
8/3/2016,0.006869248,0.012460331
8/4/2016,0.007345259,0.000755929
8/5/2016,0.009883045,0.015092857
8/8/2016,0.001723841,0.008246514
8/9/2016,0.002408396,0.004051944
8/10/2016,-0.003097576,-0.007472015
8/11/2016,0.004814315,-0.000648358
8/12/2016,-0.006194101,0.002313638
8/15/2016,0.003101846,0.011945378
8/16/2016,-0.011768914,-0.000913826
8/17/2016,0.002086957,-0.001463861
8/18/2016,0.000694686,-0.001282639
8/19/2016,0.000347162,0.002563634
8/22/2016,0.000867378,-0.007802858
8/23/2016,0.00380755,0.003128453
8/24/2016,0.001035912,-0.007561821
8/25/2016,0.003789188,-0.004267168
8/26/2016,-0.00240964,-0.005873869
8/29/2016,0.001205546,-0.001122755
8/30/2016,-0.003621006,-0.007706081
8/31/2016,-0.007455605,0.000942952
9/1/2016,0.002259888,0.005920235
